id;country;area;city;street;number
1;Philippines;feed Interactions;Feestshire;Birdie Rapids;hacking Home Loan Account secured line
2;Saint Vincent and the Grenadines;navigating Solutions;Binsfurt;Zachary Forks;South Dakota JSON
3;Micronesia;Cambridgeshire Pants;South Jordiview;Rodriguez Burgs;methodical
4;Chile;override Chair Credit Card Account;Port Melvinville;Chanel Canyon;Tuna index
5;Suriname;Ports Designer;South Richiemouth;Stamm Radial;policy
6;United States of America;circuit hacking;East Kaiahaven;Kovacek Springs;orchid SMTP driver
7;Mexico;contextually-based;Amanifort;Stacey Spring;National Avon
8;Montserrat;Auto Loan Account program Shoes;Strackehaven;Hoppe Canyon;systemic alarm
9;Cyprus;Neck Bacon withdrawal;Lake Schuyler;Von Shoals;optical
10;Papua New Guinea;Texas;Oberbrunnermouth;Leo Views;Gorgeous
