id;name;birth_date;gender;email
1;Lead Administrator;2021-12-12T00:14:02;applications;Maximus_Jacobson@yahoo.com
2;India Bacon reboot;2021-12-12T05:33:10;fault-tolerant Cambridgeshire;Lucie_Reichert44@gmail.com
3;generate;2021-12-12T19:00:09;Assistant matrices Product;Dominique.Witting80@yahoo.com
4;Michigan copying Games;2021-12-12T20:47:30;Center Wooden;Christian9@hotmail.com
5;Bermudian Dollar (customarily known as Bermuda Dollar);2021-12-11T23:12:20;Electronics Soft;Alan32@gmail.com
6;magenta Team-oriented homogeneous;2021-12-11T21:33:01;index;Melisa69@gmail.com
7;Customer Ukraine full-range;2021-12-12T08:34:36;New Israeli Sheqel Practical Steel Pants;Alessandro.Ryan41@hotmail.com
8;Strategist;2021-12-12T09:40:33;South Georgia and the South Sandwich Islands;Ryder.Blick@hotmail.com
9;Point;2021-12-12T18:15:57;Response;Pablo64@hotmail.com
10;transmit;2021-12-12T06:21:35;directional Assistant Bike;Retha.Bahringer@gmail.com
