id;title;date;external_id
1;Checking Account parsing;2021-12-12T07:45:14;Facilitator quantify deposit
2;extranet Ball;2021-12-12T08:16:09;Manager
3;e-business;2021-12-12T06:01:14;Designer repurpose
4;deposit;2021-12-11T22:03:13;calculate Borders service-desk
5;Checking Account Rand Loti virtual;2021-12-12T02:43:26;Plastic Fish Avon
6;Designer invoice;2021-12-11T22:54:54;Czech Republic
7;Savings Account;2021-12-12T14:16:38;Outdoors Investment Account Fully-configurable
8;connecting;2021-12-12T04:21:18;Small Frozen Shirt e-business Singapore Dollar
9;Senior bus;2021-12-12T17:23:19;help-desk Orchestrator system
10;sticky solutions supply-chains;2021-12-11T21:36:40;Chips Brooks Agent
